disease_id,name,category,mesh_id,description,associated_genes,primary_manifestations
1,"Breast Cancer","Oncology","D001943","Malignant neoplasm arising from mammary epithelial ductal or lobular tissue, strongly influenced by BRCA1, BRCA2, HER2, and ESR1 alterations.","BRCA1, BRCA2, ERBB2, ESR1, PIK3CA, PALB2, TP53","Mammary mass, axillary lymphadenopathy, skin retraction, nipple discharge"
2,"Alzheimer Disease","Neurology","D000544","Progressive neurodegenerative cortical disorder marked by extracellular amyloid-beta plaques, intracellular tau neurofibrillary tangles, and severe synaptic loss.","APOE, MAPT, APP, TREM2, PSEN1, PSEN2","Progressive memory impairment, spatial disorientation, executive dysfunction, aphasia"
3,"Type 2 Diabetes","Metabolic","D003924","Chronic endocrine disorder characterized by skeletal muscle and hepatic insulin resistance alongside progressive pancreatic beta-cell secretory failure.","INS, TNF, IL6, PPARG, TCF7L2, KCNJ11","Hyperglycemia, polyuria, polydipsia, fatigue, microvascular retinoneuropathy"
4,"Colorectal Cancer","Oncology","D015179","Malignant transformation of glandular epithelial mucosa in the colon or rectum, frequently initiated by APC or Wnt pathway mutations.","APC, CTNNB1, KRAS, TP53, MLH1, MSH2, BRAF","Rectal bleeding, iron deficiency anemia, altered bowel habits, abdominal cramping"
5,"Non-Small Cell Lung Cancer","Oncology","D002289","Heterogeneous group of epithelial lung malignancies including adenocarcinoma and squamous cell carcinoma, driven by EGFR, KRAS, or ALK mutations.","EGFR, KRAS, ALK, BRAF, MET, TP53, CD274","Persistent cough, hemoptysis, dyspnea, pleural effusion, weight loss"
6,"Glioblastoma","Neurology / Oncology","D005909","Highly aggressive grade IV astrocytic intracranial tumor characterized by diffuse microvascular proliferation and extensive pseudopalisading necrosis.","PTEN, EGFR, TP53, IDH1, MGMT, PDGFRA","New-onset seizures, persistent headaches, localized focal neurological deficits"
7,"Parkinson Disease","Neurology","D010300","Movement disorder characterized by degeneration of dopaminergic neurons in the substantia nigra pars compacta and alpha-synuclein-containing Lewy bodies.","SNCA, PRKN, PINK1, LRRK2, GBA","Rest tremor, cogwheel rigidity, bradykinesia, postural instability"
8,"Atherosclerosis","Cardiovascular","D050197","Chronic inflammatory fibro-fatty lesion development in large and medium arterial walls driven by oxidized LDL deposition and macrophage recruitment.","PCSK9, APOE, IL1B, LDLR, APOB, TNF","Angina pectoris, intermittent claudication, myocardial infarction, ischemic stroke"
9,"Rheumatoid Arthritis","Autoimmune","D001172","Systemic autoimmune inflammatory disorder targeting synovial joints, leading to cartilage destruction, bony erosions, and systemic vascular inflammation.","TNF, IL6, HLA-DRB1, PTPN22, JAK2","Symmetric polyarthritis, morning joint stiffness, subcutaneous nodules, fatigue"
10,"Ovarian Cancer","Oncology","D010051","Malignant neoplasm arising from epithelial surface or fimbrial fallopian tube cells, frequently presenting late with diffuse peritoneal dissemination.","BRCA1, BRCA2, TP53, RAD51, PALB2","Abdominal distension, persistent early satiety, pelvic pain, ascites"
11,"Cutaneous Melanoma","Dermatology / Oncology","D008545","Malignant transformation of epidermal melanocytes associated with ultraviolet radiation exposure and BRAF V600 or NRAS driver mutations.","BRAF, NRAS, CDKN2A, TP53, KIT","Asymmetric pigmented skin lesion, irregular borders, color variation, diameter >6mm"
12,"Cystic Fibrosis","Pulmonology / Genetic","D003550","Autosomal recessive multisystem monogenic disorder caused by CFTR ion channel mutations, resulting in viscous inspissated mucus and chronic lung infections.","CFTR","Chronic suppurative cough, bronchiectasis, pancreatic exocrine insufficiency, meconium ileus"
13,"Renal Cell Carcinoma","Oncology","D002292","Malignant neoplasm arising from renal proximal tubular epithelium, strongly linked to VHL tumor suppressor gene inactivation and VEGFA neoangiogenesis.","VHL, VEGFA, BAP1, SETD2, PBRM1, MET","Flank pain, painless gross hematuria, palpable abdominal mass, hypertension"
14,"Burkitt Lymphoma","Hematology / Oncology","D002045","Aggressive mature B-cell non-Hodgkin lymphoma characterized by high proliferation index and chromosomal translocations of MYC with immunoglobulin loci.","MYC, BCL2, TP53, ID3, CCND3","Rapidly enlarging jaw mass, abdominal organ infiltration, tumor lysis syndrome"
15,"Frontotemporal Dementia","Neurology","D057180","Neurodegenerative clinical syndrome involving selective degeneration of frontal and temporal brain lobes, driven by tau or TDP-43 neuropathology.","MAPT, GRN, C9orf72, VCP, CHMP2B","Marked personality alterations, disinhibition, loss of empathy, progressive aphasia"
16,"Pancreatic Ductal Adenocarcinoma","Oncology","D021441","Lethal malignancy originating from pancreatic ductal cells, characterized by dense desmoplastic stroma and near-universal KRAS mutations.","KRAS, TP53, CDKN2A, SMAD4, BRCA2, PALB2","Painless jaundice, epigastric pain radiating to back, rapid weight loss, new-onset diabetes"
17,"Polycythemia Vera","Hematology","D011107","Myeloproliferative neoplasm characterized by clonal erythrocytosis, increased granulocytes, and persistent activation of JAK2 kinase signaling.","JAK2, CALR, MPL, TET2, ASXL1","Aquagenic pruritus, splenomegaly, erythromelalgia, arterial and venous thrombosis"
18,"Endometrial Carcinoma","Oncology","D016889","Malignant epithelial tumor of the uterine endometrium, classified molecularly into POLE-mutated, microsatellite-unstable, copy-number-low, and copy-number-high subtypes.","PTEN, PIK3CA, POLE, MLH1, MSH2, TP53","Abnormal postmenopausal uterine bleeding, lower abdominal pain, pelvic mass"
19,"Chronic Lymphocytic Leukemia","Hematology / Oncology","D015451","Monoclonal expansion and tissue accumulation of mature, immunoincompetent B lymphocytes, heavily reliant on anti-apoptotic BCL2 overexpression.","BCL2, TP53, NOTCH1, SF3B1, ATM, MYD88","Painless lymphadenopathy, splenomegaly, recurrent opportunistic infections, fatigue"
20,"Acute Myeloid Leukemia","Hematology / Oncology","D015470","Clonal proliferation of poorly differentiated myeloid precursor blasts in bone marrow and peripheral blood, suppressing normal hematopoietic lineages.","NPM1, FLT3, DNMT3A, TP53, IDH1, IDH2","Severe anemia, granulocytopenic fever, bruising, bleeding petechiae, bone pain"
21,"Systemic Lupus Erythematosus","Autoimmune","D008180","Multisystem autoimmune disease characterized by loss of self-tolerance, antinuclear autoantibody production, and immune complex deposition in kidneys and skin.","TNF, IL6, STAT4, PTPN22, IRF5, TLR7","Malar rash, photosensitivity, glomerulonephritis, inflammatory arthritis, pleuritis"
22,"Dilated Cardiomyopathy","Cardiovascular","D002275","Myocardial disorder characterized by left ventricular enlargement and systolic contractile impairment in the absence of severe coronary artery stenosis.","TTN, LMNA, MYH7, TNNT2, BAG3, RBM20","Congestive dyspnea, orthopnea, lower extremity edema, ventricular arrhythmias"
23,"Ataxia-Telangiectasia","Genetic / Neurology","D001260","Autosomal recessive neurodegenerative and immunodeficiency syndrome caused by ATM kinase deficiency, presenting with cerebellar ataxia and ocular telangiectasias.","ATM","Progressive cerebellar ataxia, oculocutaneous telangiectasias, sinopulmonary infections"
24,"Lynch Syndrome","Genetic / Oncology","D008145","Hereditary cancer predisposition syndrome caused by germline mutations in mismatch repair genes, predisposing carriers to colorectal and endometrial cancers.","MLH1, MSH2, MSH6, PMS2, EPCAM","Early-onset right-sided colon cancer, synchronous and metachronous adenocarcinomas"
25,"Ischemic Heart Disease","Cardiovascular","D017202","Impaired myocardial perfusion and oxygen supply typically resulting from coronary atherosclerotic plaque rupture and thrombosis.","PCSK9, APOE, IL1B, LDLR, NOS3","Substernal chest pressure on exertion, dyspnea, diaphoresis, myocardial necrosis"
