drug_id,name,brand_name,drug_class,target_entities,indication,mechanism_of_action
1,"Olaparib","Lynparza","PARP Inhibitor","BRCA1, BRCA2, PARP1","Ovarian Cancer, Breast Cancer","Traps PARP1/2 at single-strand DNA breaks, inducing lethal double-strand breaks in HR-deficient cells."
2,"Osimertinib","Tagrisso","EGFR Tyrosine Kinase Inhibitor","EGFR","Non-Small Cell Lung Cancer","Irreversibly binds EGFR kinase domain with high selectivity for exon 19 del, L858R, and T790M resistance mutations."
3,"Trastuzumab","Herceptin","Monoclonal Antibody","ERBB2 (HER2)","HER2-Positive Breast Cancer","Binds extracellular domain IV of HER2, blocking ligand-independent dimerization and triggering ADCC."
4,"Metformin","Glucophage","Biguanide","AMPK, Complex I","Type 2 Diabetes","Inhibits mitochondrial complex I, elevating AMP/ATP ratio to activate AMPK and curb hepatic gluconeogenesis."
5,"Semaglutide","Ozempic / Wegovy","GLP-1 Receptor Agonist","GLP1R","Type 2 Diabetes, Obesity","Mimics glucagon-like peptide-1, stimulating glucose-dependent insulin secretion and delaying gastric emptying."
6,"Pembrolizumab","Keytruda","PD-1 Immune Checkpoint Inhibitor","PDCD1 (PD-1), CD274 (PD-L1)","Lung Cancer, Melanoma, MSI-H Colorectal Cancer","Blocks PD-1 interaction with PD-L1/PD-L2, releasing T cell exhaustion and restoring antitumor cytotoxicity."
7,"Sotorasib","Lumakras","KRAS G12C Inhibitor","KRAS","Non-Small Cell Lung Cancer, Colorectal Cancer","Covalently locks KRAS G12C in its inactive GDP-bound conformation, suppressing downstream RAF-MEK-ERK signaling."
8,"Palbociclib","Ibrance","CDK4/6 Inhibitor","CDK4, CDK6, RB1","HR-Positive Breast Cancer","Selectively inhibits CDK4 and CDK6, maintaining retinoblastoma protein in hypophosphorylated state to halt G1/S transition."
9,"Vemurafenib","Zelboraf","BRAF Kinase Inhibitor","BRAF","Cutaneous Melanoma","Potently and selectively inhibits the kinase activity of the mutated BRAF V600E monomer."
10,"Adalimumab","Humira","Anti-TNF Monoclonal Antibody","TNF","Rheumatoid Arthritis, Crohn's Disease","Neutralizes soluble and transmembrane TNF-alpha, dampening the pro-inflammatory cytokine cascade."
11,"Tocilizumab","Actemra","Anti-IL-6R Monoclonal Antibody","IL6, IL6R","Rheumatoid Arthritis, Cytokine Release Syndrome","Competitively inhibits binding of IL-6 to both soluble and membrane-bound IL-6 receptors."
12,"Venetoclax","Venclexta","BCL-2 Inhibitor (BH3-mimetic)","BCL2","Chronic Lymphocytic Leukemia, AML","Selectively binds BH3-binding groove of anti-apoptotic BCL-2, displacing BIM to execute mitochondrial apoptosis."
13,"Evolocumab","Repatha","PCSK9 Monoclonal Antibody","PCSK9, LDLR","Atherosclerosis, Hypercholesterolemia","Inhibits PCSK9 binding to LDL receptors, preventing LDLR degradation and accelerating LDL clearance."
14,"Ivacaftor","Kalydeco","CFTR Potentiator","CFTR","Cystic Fibrosis","Increases open probability of the gating-defective CFTR channel pore, augmenting chloride transport across epithelia."
15,"Lecanemab","Leqembi","Anti-Amyloid Monoclonal Antibody","Amyloid-Beta, APP","Alzheimer Disease","Preferentially binds soluble amyloid-beta protofibrils and facilitates microglial phagocytic clearance."
16,"Bevacizumab","Avastin","Anti-VEGF Monoclonal Antibody","VEGFA","Colorectal Cancer, Glioblastoma","Binds circulating VEGFA isoforms, suppressing endothelial cell mitogenesis and tumor neo-angiogenesis."
17,"Elacestrant","Orserdu","Selective Estrogen Receptor Degrader (SERD)","ESR1","Estrogen Receptor-Positive Breast Cancer","Binds ER-alpha and induces its degradation, effectively overcoming ESR1 ligand-binding domain resistance mutations."
18,"Alpelisib","Piqray","PI3K Alpha-Specific Inhibitor","PIK3CA","HR-Positive PIK3CA-Mutated Breast Cancer","Selectively inhibits the p110alpha catalytic subunit of PI3K, reducing phosphorylation of AKT."
