gene_id,symbol,name,chromosome,type,description,functions,associated_diseases
1,"BRCA1","BRCA1 DNA Repair Associated","17q21.31","Protein Coding","Tumor suppressor gene encoding an E3 ubiquitin-protein ligase essential for double-strand DNA repair via homologous recombination.","DNA repair, homologous recombination, cell cycle checkpoint, transcriptional regulation, tumor suppression","Breast Cancer, Ovarian Cancer, Pancreatic Cancer, Prostate Cancer"
2,"BRCA2","BRCA2 DNA Repair Associated","13q13.1","Protein Coding","Maintains genomic integrity by recruiting RAD51 recombinase to double-strand breaks during homologous recombination repair.","DNA double-strand break repair, homologous recombination, meiotic recombination, genome stability","Breast Cancer, Ovarian Cancer, Pancreatic Cancer, Fanconi Anemia"
3,"TP53","Tumor Protein P53","17p13.1","Protein Coding","The 'guardian of the genome'; transcription factor orchestrating cell cycle arrest, senescence, DNA repair, and apoptosis in response to cellular stress.","Apoptosis, DNA damage response, cell cycle arrest, senescence, metabolic regulation","Li-Fraumeni Syndrome, Breast Cancer, Colorectal Cancer, Lung Adenocarcinoma, Glioblastoma"
4,"EGFR","Epidermal Growth Factor Receptor","7p11.2","Protein Coding","Receptor tyrosine kinase of the ErbB family; initiates Ras-Raf-MEK-ERK and PI3K-AKT cascades governing cellular proliferation.","Receptor tyrosine kinase signaling, cell proliferation, cell survival, migration, angiogenesis","Non-Small Cell Lung Cancer, Glioblastoma, Colorectal Cancer, Head and Neck Cancer"
5,"APOE","Apolipoprotein E","19q13.32","Protein Coding","Lipoprotein involved in cholesterol transport and lipid metabolism in peripheral tissues and the central nervous system.","Lipid transport, cholesterol homeostasis, amyloid-beta clearance, neuroinflammation, synaptic plasticity","Alzheimer Disease, Cerebral Amyloid Angiopathy, Atherosclerosis, Cardiovascular Disease"
6,"TNF","Tumor Necrosis Factor","6p21.33","Protein Coding","Pro-inflammatory cytokine produced primarily by macrophages, regulating systemic inflammation, immune response, and apoptotic signaling.","Pro-inflammatory signaling, apoptosis induction, NF-kB activation, cachexia regulation, immune defense","Rheumatoid Arthritis, Inflammatory Bowel Disease, Psoriasis, Type 2 Diabetes, Sepsis"
7,"KRAS","KRAS Proto-Oncogene, GTPase","12p12.1","Protein Coding","Small GTPase cycling between active GTP-bound and inactive GDP-bound states; major activator of MAPK and PI3K pathways.","GTPase signaling, cell proliferation, cell survival, differentiation, actin cytoskeleton organization","Colorectal Cancer, Pancreatic Cancer, Non-Small Cell Lung Cancer, Multiple Myeloma"
8,"PTEN","Phosphatase and Tensin Homolog","10q23.31","Protein Coding","Lipid phosphatase dephosphorylating PIP3 to PIP2, directly attenuating the proto-oncogenic PI3K-AKT-mTOR signaling pathway.","Lipid phosphatase activity, PI3K/AKT antagonism, cell cycle inhibition, genomic stability, apoptosis","Cowden Syndrome, Glioblastoma, Prostate Cancer, Endometrial Cancer, Breast Cancer"
9,"INS","Insulin","11p15.5","Protein Coding","Peptide hormone produced by pancreatic beta cells; regulates carbohydrate, lipid, and protein metabolism by promoting glucose uptake.","Glucose uptake regulation, glycogen synthesis, lipogenesis, protein translation, metabolic homeostasis","Type 1 Diabetes, Type 2 Diabetes, Diabetic Ketoacidosis, Hyperinsulinism"
10,"VEGFA","Vascular Endothelial Growth Factor A","6p21.1","Protein Coding","Growth factor active in angiogenesis, vasculogenesis, and endothelial cell growth, inducing microvascular hyperpermeability.","Angiogenesis, vasculogenesis, endothelial proliferation, vascular permeability, cell survival","Colorectal Cancer, Renal Cell Carcinoma, Diabetic Retinopathy, Age-Related Macular Degeneration"
11,"IL6","Interleukin 6","7p15.3","Protein Coding","Pleiotropic cytokine synthesized by monocytes and endothelial cells; regulates acute phase responses, inflammation, and B cell maturation.","Acute phase response, inflammation cascade, B cell differentiation, hematopoiesis, fever induction","Rheumatoid Arthritis, Cytokine Release Syndrome, Sepsis, Castleman Disease, Atherosclerosis"
12,"AKT1","AKT Serine/Threonine Kinase 1","14q32.32","Protein Coding","Key serine/threonine protein kinase downstream of PI3K; phosphorylates glycogen synthase kinase 3, FOXO, and Bad to promote survival.","Cell survival, glucose metabolism, protein synthesis, cell growth, anti-apoptotic signaling","Proteus Syndrome, Breast Cancer, Colorectal Cancer, Ovarian Cancer"
13,"MTOR","Mechanistic Target of Rapamycin Kinase","1p36.22","Protein Coding","Serine/threonine kinase forming catalytic core of mTORC1 and mTORC2; master sensor of nutrient availability and energy status.","Nutrient sensing, protein synthesis, autophagy suppression, cell growth, ribosome biogenesis","Tuberous Sclerosis, Renal Cell Carcinoma, Focal Cortical Dysplasia, Diabetes"
14,"MYC","MYC Proto-Oncogene, bHLH Transcription Factor","8q24.21","Protein Coding","Multifunctional transcription factor regulating ribosomal RNA transcription, cell cycle progression, and aerobic glycolysis.","Transcription activation, cell proliferation, ribosome biogenesis, glycolysis stimulation, transformation","Burkitt Lymphoma, Diffuse Large B-Cell Lymphoma, Breast Cancer, Colorectal Cancer"
15,"ERBB2","Erb-B2 Receptor Tyrosine Kinase 2","17q12","Protein Coding","Receptor tyrosine kinase (HER2) lacking intrinsic ligand binding; forms heterodimers with EGFR and HER3 to drive proliferation.","Receptor tyrosine kinase signaling, cell survival, proliferation, motility, invasion","HER2-Positive Breast Cancer, Gastric Cancer, Ovarian Cancer, Lung Adenocarcinoma"
16,"BRAF","B-Raf Proto-Oncogene, Serine/Threonine Kinase","7q34","Protein Coding","Serine/threonine-protein kinase belonging to the RAF family; activates downstream MEK1/2 kinases in the canonical MAPK cascade.","MAPK/ERK signaling, cell division, cell differentiation, apoptosis inhibition, cell migration","Cutaneous Melanoma, Colorectal Cancer, Papillary Thyroid Carcinoma, Non-Small Cell Lung Cancer"
17,"MAPT","Microtubule Associated Protein Tau","17q21.31","Protein Coding","Binds and stabilizes neuronal axonal microtubules; hyperphosphorylation leads to toxic paired helical filaments and neurofibrillary tangles.","Microtubule stabilization, axonal transport, synaptic plasticity, neuronal integrity","Alzheimer Disease, Frontotemporal Dementia, Progressive Supranuclear Palsy, Pick Disease"
18,"SNCA","Synuclein Alpha","4q22.1","Protein Coding","Presynaptic protein regulating vesicle trafficking and neurotransmitter release; main structural component of Lewy body fibrils.","Synaptic vesicle trafficking, dopamine release modulation, lipid membrane binding, neuroprotection","Parkinson Disease, Dementia with Lewy Bodies, Multiple System Atrophy"
19,"CFTR","CF Transmembrane Conductance Regulator","7q31.2","Protein Coding","ATP-binding cassette transporter acting as an epithelial chloride and thiocyanate ion channel across apical mucosal membranes.","Chloride ion transport, bicarbonate secretion, epithelial fluid regulation, mucociliary clearance","Cystic Fibrosis, Congenital Bilateral Absence of Vas Deferens, Bronchiectasis"
20,"ESR1","Estrogen Receptor 1","6q25.1","Protein Coding","Nuclear hormone receptor transcription factor mediating downstream actions of 17beta-estradiol; essential regulator of female endocrine biology.","Estrogen response element binding, endocrine signaling, mammary gland proliferation, bone density","Estrogen Receptor-Positive Breast Cancer, Endometrial Cancer, Osteoporosis"
21,"PCSK9","Proprotein Convertase Subtilisin/Kexin Type 9","1p32.3","Protein Coding","Secreted subtilase enzyme that binds hepatic LDL receptors and escorts them to lysosomal destruction, raising circulating LDL-C.","LDL receptor degradation, cholesterol homeostasis, lipid clearance regulation","Familial Hypercholesterolemia, Atherosclerosis, Coronary Artery Disease, Stroke"
22,"CTNNB1","Catenin Beta 1","3p22.1","Protein Coding","Dual-function protein coordinating adherens junction cell-cell adhesion and canonical Wnt transcription coactivation in nuclei.","Adherens junction stability, Wnt signaling coactivation, cell polarity, stem cell maintenance","Colorectal Cancer, Hepatocellular Carcinoma, Desmoid Tumors, Pilomatricoma"
23,"PIK3CA","Phosphatidylinositol-4,5-Bisphosphate 3-Kinase Catalytic Subunit Alpha","3q26.32","Protein Coding","Catalytic subunit p110alpha of class IA phosphoinositide 3-kinase; synthesizes PIP3 from PIP2 to stimulate downstream AKT1.","Lipid phosphorylation, PIP3 synthesis, PI3K/AKT activation, cell growth, insulin signaling","PIK3CA-Related Overgrowth Spectrum, Breast Cancer, Colorectal Cancer, Endometrial Cancer"
24,"MLH1","MutL Homolog 1","3p22.2","Protein Coding","DNA mismatch repair heterodimer component that coordinates excision of mismatched bases generated during DNA replication.","Mismatch repair, nucleotide incision recruitment, genomic stability, microsatellite fidelity","Lynch Syndrome, Colorectal Cancer, Endometrial Cancer, Ovarian Cancer"
25,"PALB2","Partner and Localizer of BRCA2","16p12.2","Protein Coding","Bridges BRCA1 and BRCA2, orchestrating recruitment of RAD51 recombinase to sites of DNA double-strand breaks during homologous recombination.","BRCA complex bridging, homologous recombination, DNA repair, chromosome segregation","Hereditary Breast Cancer, Pancreatic Cancer, Fanconi Anemia"
26,"ATM","ATM Serine/Threonine Kinase","11q22.3","Protein Coding","Central apical sensor kinase of double-strand DNA breaks, phosphorylating histone H2AX, p53, and CHK2 to trigger checkpoint responses.","Double-strand break sensing, p53 activation, cell cycle checkpoint arrest, DNA repair coordination","Ataxia-Telangiectasia, Breast Cancer, Mantle Cell Lymphoma, Pancreatic Cancer"
27,"ATR","ATR Serine/Threonine Kinase","3q23","Protein Coding","Master kinase responding to single-stranded DNA and stalled replication forks; phosphorylates CHK1 to prevent replication catastrophe.","Replication stress response, replication fork stabilization, CHK1 activation, S-phase checkpoint","Seckel Syndrome, Colorectal Cancer, Ovarian Cancer, Squamous Cell Carcinoma"
28,"JAK2","Janus Kinase 2","9p24.1","Protein Coding","Non-receptor tyrosine kinase coupling cytokine receptors to STAT transcription factor phosphorylation and nuclear translocation.","Cytokine signal transduction, STAT phosphorylation, erythropoiesis, thrombopoiesis, immune regulation","Polycythemia Vera, Essential Thrombocythemia, Primary Myelofibrosis, Acute Lymphoblastic Leukemia"
29,"BCL2","BCL2 Apoptosis Regulator","18q21.33","Protein Coding","Outer mitochondrial membrane anti-apoptotic protein that sequesters pro-apoptotic BH3 proteins, blocking cyt-c release.","Apoptosis inhibition, mitochondrial outer membrane stabilization, cell survival, calcium homeostasis","Follicular Lymphoma, Chronic Lymphocytic Leukemia, Diffuse Large B-Cell Lymphoma"
30,"CD274","CD274 Molecule (PD-L1)","9p24.1","Protein Coding","Immune checkpoint surface ligand (PD-L1) binding PD-1 on activated T cells, inducing T cell exhaustion and immune tolerance.","Immune checkpoint inhibition, T cell suppression, immune evasion, peripheral tolerance","Non-Small Cell Lung Cancer, Melanoma, Renal Cell Carcinoma, Urothelial Carcinoma"
31,"MDM2","MDM2 Proto-Oncogene, E3 Ubiquitin Protein Ligase","12q15","Protein Coding","Ring finger E3 ubiquitin ligase that directly binds the N-terminal transactivation domain of p53 to stimulate its polyubiquitination.","p53 ubiquitination, proteasomal degradation, p53 transcriptional repression, cell cycle progression","Liposarcoma, Glioblastoma, Acute Myeloid Leukemia, Osteosarcoma"
32,"TREM2","Triggering Receptor Expressed On Myeloid Cells 2","6p21.1","Protein Coding","Innate immune receptor on microglia and macrophages that binds APOE, lipids, and amyloid-beta to promote microglial survival and phagocytosis.","Microglial phagocytosis, lipid sensing, amyloid plaque barrier maintenance, neuroprotection","Alzheimer Disease, Nasu-Hakola Disease, Frontotemporal Dementia"
