id,title,authors,year,journal,abstract,keywords,doi
1,"BRCA1 and BRCA2 Germline Mutations in Familial Breast Cancer and Ovarian Cancer Risk","Narod SA, Offit K, Couch FJ","2023","The New England Journal of Medicine","Inherited germline mutations in BRCA1 and BRCA2 genes significantly elevate susceptibility to breast cancer and epithelial ovarian cancer. We analyzed DNA repair deficiency, homologous recombination mechanisms, and clinical outcomes across 4,500 carrier families. PARP inhibitor therapies show remarkable efficacy in tumors with homologous recombination deficiency.","BRCA1,BRCA2,breast cancer,ovarian cancer,DNA repair,PARP inhibitor,homologous recombination","10.1056/NEJMra2208123"
2,"Mechanisms of EGFR Tyrosine Kinase Inhibitor Resistance in Non-Small Cell Lung Cancer","Sharma SV, Bell DW, Settleman J, Haber DA","2022","Nature Reviews Cancer","Epidermal growth factor receptor (EGFR) mutations drive a significant subset of non-small cell lung cancer cases. Although first-line tyrosine kinase inhibitors like Osimertinib produce high response rates, secondary mutations such as T790M and MET amplification inevitably mediate acquired drug resistance. Targetable downstream pathways include MAPK and PI3K-AKT signaling.","EGFR,lung cancer,tyrosine kinase,Osimertinib,MET,T790M,MAPK,PI3K","10.1038/nrc.2022.45"
3,"APOE4 Allele and Amyloid-Beta Deposition in Pathogenesis of Alzheimer's Disease","Holtzman DM, Herz J, Bu G","2024","Neuron","The Apolipoprotein E epsilon 4 (APOE4) allele represents the most prominent genetic risk factor for sporadic late-onset Alzheimer's disease. APOE isoforms differential modulate clearance and aggregation of amyloid-beta peptides in the brain parenchyma and cerebrovasculature. Tau neurofibrillary tangles and microglial neuroinflammation correlate closely with APOE4-dependent synaptic degradation.","APOE,Alzheimer disease,amyloid-beta,Tau,neuroinflammation,neurodegeneration","10.1016/j.neuron.2024.01.015"
4,"Molecular Characterization and Therapeutic Vulnerabilities of TP53 Mutations in Human Cancers","Freed-Pastor WA, Prives C","2023","Cell","Tumor protein p53 encoded by the TP53 gene orchestrates cellular responses to DNA damage, oncogenic stress, and hypoxia by enforcing cell cycle arrest, senescence, or apoptosis. Missense mutations in TP53 not only abrogate wild-type tumor suppressor capability but often confer oncogenic gain-of-function activities promoting invasion, chemoresistance, and metabolic reprogramming.","TP53,p53,tumor suppressor,apoptosis,DNA damage,cancer genomics,senescence","10.1016/j.cell.2023.03.022"
5,"Insulin Resistance, Adipokines, and Metabolic Dysfunction in Type 2 Diabetes Pathogenesis","Kahn SE, Cooper ME, Del Prato S","2023","The Lancet","Type 2 diabetes arises from a progressive deterioration of pancreatic beta-cell insulin secretion coupled with peripheral insulin resistance in skeletal muscle, liver, and adipose tissue. Pro-inflammatory cytokines including TNF and IL6 disrupt insulin receptor substrate signaling. Metformin and GLP-1 receptor agonists enhance insulin sensitivity and protect cardiovascular health.","insulin,insulin resistance,Type 2 diabetes,TNF,IL6,Metformin,GLP-1","10.1016/S0140-6736(23)00412-9"
6,"Targeting the KRAS G12C Oncogene in Colorectal Cancer and Pancreatic Ductal Adenocarcinoma","Canon J, Rex K, Saiki AY, Cox AD","2024","Cancer Discovery","KRAS was long deemed an undruggable oncogene in human malignancies. Novel covalent inhibitors targeting the switch-II pocket of KRAS G12C, such as Sotorasib and Adagrasib, demonstrate substantial clinical response in colorectal cancer and non-small cell lung cancer. Combination therapies inhibiting upstream EGFR or downstream MEK prevent compensatory reactivation.","KRAS,colorectal cancer,pancreatic cancer,Sotorasib,EGFR,MEK,mutation","10.1158/2159-8290.CD-23-1180"
7,"PTEN Phosphatase Loss and PI3K/AKT/mTOR Hyperactivation in Glioblastoma and Prostate Cancer","Carracedo A, Pandolfi PP","2022","Nature Reviews Molecular Cell Biology","The PTEN tumor suppressor lipid phosphatase dephosphorylates PIP3 to PIP2, directly opposing PI3K kinase signaling. Loss or epigenetic silencing of PTEN leads to hyperactivation of AKT1 and mTOR kinase, fostering tumor cell survival, energetic glycolysis, and angiogenesis in glioblastoma and prostate cancer. Dual PI3K/mTOR inhibitors offer prospective therapeutic synergy.","PTEN,PI3K,AKT1,mTOR,glioblastoma,prostate cancer,phosphatase","10.1038/s41580-022-00465-9"
8,"VEGFA-Mediated Angiogenesis and Anti-VEGF Therapy Resistance in Colorectal and Renal Cancers","Ferrara N, Adamis AP","2023","Cellular and Molecular Life Sciences","Vascular endothelial growth factor A (VEGFA) plays an indispensable role in pathological tumor angiogenesis and vascular permeability. Monoclonal antibodies such as Bevacizumab neutralize circulating VEGFA to inhibit microvascular vessel sprouts in metastatic colorectal and renal cell carcinomas. Compensatory upregulation of FGF and angiopoietin pathways drives acquired refractory vascularization.","VEGFA,angiogenesis,Bevacizumab,colorectal cancer,renal cancer,vascularization","10.1007/s00018-023-04810-w"
9,"Inflammatory Cytokines TNF-alpha and Interleukin-6 in Rheumatoid Arthritis Pathophysiology","McInnes IB, Schett G","2024","New England Journal of Medicine","Chronic autoimmune synovial inflammation in rheumatoid arthritis is mediated by an aberrant cytokine cascade dominated by Tumor Necrosis Factor alpha (TNF) and Interleukin-6 (IL6). These mediators stimulate osteoclastogenesis, cartilage breakdown, and systemic inflammation. Biologic agents including Adalimumab (anti-TNF) and Tocilizumab (anti-IL6R) confer robust disease remission.","TNF,IL6,rheumatoid arthritis,Adalimumab,Tocilizumab,inflammation,autoimmune","10.1056/NEJMra2305141"
10,"Tau Pathology, MAPT Splicing Variants, and Frontotemporal Dementia with Neurodegeneration","Ghetti B, Oblak AL, Gao FP, Holtzman DM","2023","Acta Neuropathologica","Microtubule-associated protein tau (encoded by MAPT) stabilizes axonal microtubules. Hyperphosphorylation and abnormal alternative splicing of MAPT result in toxic oligomers and paired helical filaments characteristic of frontotemporal lobar degeneration and Alzheimer's disease. Biomarkers measuring plasma p-tau217 enable early diagnosis before severe cognitive loss.","MAPT,Tau,neurodegeneration,Alzheimer disease,frontotemporal dementia,microtubules","10.1007/s00401-023-02598-y"
11,"HER2/neu (ERBB2) Overexpression and Antibody-Drug Conjugates in Metastatic Breast Cancer","Modi S, Saura C, Yamashita T, Slamon DJ","2023","Journal of Clinical Oncology","Human epidermal growth factor receptor 2 (HER2, encoded by ERBB2) amplification defines approximately 15-20% of invasive breast carcinomas. Next-generation antibody-drug conjugates such as Trastuzumab deruxtecan deliver cytotoxic topoisomerase I inhibitors directly into HER2-positive and HER2-low malignant cells, dramatically prolonging progression-free survival.","HER2,ERBB2,breast cancer,Trastuzumab,antibody-drug conjugate,targeted therapy","10.1200/JCO.22.02980"
12,"Targeted BRAF V600E and MEK Inhibition in Advanced Cutaneous Melanoma","Flaherty KT, Robert C, Hersey P","2022","Lancet Oncology","Activating mutations in the BRAF kinase domain, specifically BRAF V600E, constitutively trigger the mitogen-activated protein kinase (MAPK) cascade in cutaneous melanoma. Dual targeted regimens combining Vemurafenib or Dabrafenib with MEK inhibitors such as Trametinib effectively suppress tumor proliferation, delaying resistance emergence through reactivation loops.","BRAF,melanoma,Vemurafenib,Trametinib,MAPK,oncogene,skin cancer","10.1016/S1470-2045(22)00219-5"
13,"Alpha-Synuclein Aggregation and Dopaminergic Neuron Vulnerability in Parkinson's Disease","Poewe W, Seppi K, Tanner CM, Halliday GM","2023","Nature Reviews Disease Primers","Parkinson's disease is pathologically distinguished by the progressive loss of substantia nigra dopaminergic neurons and intracellular accumulation of Lewy bodies comprised of aggregated alpha-synuclein (encoded by the SNCA gene). Mitochondrial dysfunction, lysosomal impairment, and neuroinflammatory responses promote alpha-synuclein cell-to-cell propagation across brain circuits.","SNCA,alpha-synuclein,Parkinson disease,dopamine,neurodegeneration,Lewy bodies","10.1038/s41572-023-00445-2"
14,"CFTR Channel Mutations and Ion Transport Correction in Cystic Fibrosis","Rowe SM, Miller S, Sorscher EJ","2024","New England Journal of Medicine","Cystic fibrosis is an autosomal recessive disorder caused by mutations in the cystic fibrosis transmembrane conductance regulator (CFTR) gene, leading to defective chloride and bicarbonate epithelial transport. Triple combination CFTR modulators (Elexacaftor, Tezacaftor, Ivacaftor) restore trafficking and gating of the common delta-F508 mutant channel, improving pulmonary function.","CFTR,cystic fibrosis,Ivacaftor,chloride transport,lung disease,genetic disorder","10.1056/NEJMra2311029"
15,"Estrogen Receptor Alpha (ESR1) Mutations and Endocrine Therapy Resistance in Breast Cancer","Jeselsohn R, Buchwalter G, De Angelis C, Brown M","2023","Nature Reviews Clinical Oncology","Activating point mutations in the ligand-binding domain of ESR1 (estrogen receptor alpha) frequently emerge in metastatic hormone receptor-positive breast cancer following aromatase inhibitor therapy. These mutations cause constitutive, ligand-independent transcription. Novel selective estrogen receptor degraders (SERDs) such as Elacestrant effectively degrade mutant ESR1 proteins.","ESR1,breast cancer,estrogen receptor,Elacestrant,endocrine therapy,resistance","10.1038/s41571-023-00742-1"
16,"Atherosclerosis Pathophysiology, LDL Cholesterol, and Proprotein Convertase PCSK9 Inhibition","Libby P, Buring JE, Badimon L, Hansson GK","2024","Circulation","Atherosclerosis is an inflammatory disease of the arterial wall initiated by subendothelial retention and oxidation of low-density lipoprotein (LDL) particles. PCSK9 binds hepatic LDL receptors to promote lysosomal degradation. Monoclonal antibodies targeting PCSK9 (Evolocumab, Alirocumab) dramatically lower circulating LDL-C levels and reduce ischemic cardiovascular events.","PCSK9,atherosclerosis,LDL cholesterol,cardiovascular disease,Evolocumab,inflammation","10.1161/CIRCULATIONAHA.123.064500"
17,"Wnt/Beta-Catenin Signaling and APC Inactivation in Colorectal Carcinoma Genesis","Clevers H, Nusse R","2023","Cell Stem Cell","The canonical Wnt signaling cascade regulates stem cell maintenance and tissue homeostasis. Loss-of-function mutations in the APC tumor suppressor gene or activating mutations in CTNNB1 (beta-catenin) prevent beta-catenin degradation by the destruction complex. Nuclear accumulation of beta-catenin activates oncogenic transcription factors MYC and CCND1 to drive colorectal adenocarcinoma.","CTNNB1,APC,colorectal cancer,Wnt signaling,beta-catenin,MYC,oncogenesis","10.1016/j.stem.2023.05.008"
18,"MYC Oncogene Deregulation and Metabolic Vulnerabilities in B-Cell Lymphomas","Dang CV, Le A, Gao P","2022","Blood","The MYC proto-oncogene encodes a basic helix-loop-helix leucine zipper transcription factor that coordinates cell proliferation, ribosome biogenesis, and metabolic fuel switching toward glutaminolysis and aerobic glycolysis. Chromosomal translocations in Burkitt lymphoma dysregulate MYC expression, sensitizing tumors to synthetic lethal inhibitors of glutaminase and CDK9.","MYC,lymphoma,transcription factor,glycolysis,metabolism,oncogene","10.1182/blood.2022016541"
19,"PIK3CA Mutations and PI3K Alpha Inhibitors in Advanced Hormone Receptor Breast Cancer","André F, Ciruelos E, Rubovszky G, Baselga J","2023","Lancet Oncology","Activating mutations in the catalytic subunit alpha of phosphoinositide 3-kinase (PIK3CA) occur in 40% of HR+/HER2- breast cancers. The alpha-specific PI3K inhibitor Alpelisib combined with Fulvestrant significantly prolongs progression-free survival in patients with PIK3CA-mutated tumors who previously received endocrine therapy, though hyperglycemia requires active clinical management.","PIK3CA,breast cancer,Alpelisib,PI3K,AKT,endocrine therapy,mutation","10.1016/S1470-2045(23)00115-4"
20,"DNA Mismatch Repair Deficiency, Microsatellite Instability, and Immune Checkpoint Blockade","Le DT, Durham JN, Smith KN, Diaz LA","2023","Science","Defects in DNA mismatch repair (dMMR) genes including MLH1, MSH2, MSH6, and PMS2 impair repair of replication errors, leading to microsatellite instability (MSI-High) and neoantigen load in colorectal and endometrial cancers. High mutational burden induces dense tumor-infiltrating lymphocytes responsive to PD-1 checkpoint inhibitors such as Pembrolizumab.","MLH1,MSH2,DNA repair,microsatellite instability,Pembrolizumab,colorectal cancer,immunotherapy","10.1126/science.aao2890"
21,"CDK4/6 Inhibitors and Cell Cycle Arrest in Estrogen Receptor-Positive Breast Cancer","Finn RS, Martin M, Rugo HS, Slamon DJ","2022","New England Journal of Medicine","Cyclin-dependent kinases 4 and 6 (CDK4/6) govern the G1-to-S cell cycle checkpoint by phosphorylating the retinoblastoma (RB1) tumor suppressor. Selective CDK4/6 inhibitors such as Palbociclib, Ribociclib, and Abemaciclib induce durable cell cycle arrest and synergize with endocrine therapy in advanced estrogen receptor-positive metastatic breast cancer.","CDK4,CDK6,RB1,breast cancer,Palbociclib,Ribociclib,cell cycle","10.1056/NEJMoa2200214"
22,"PARP Inhibitors and Synthetic Lethality in Homologous Recombination-Deficient Ovarian Cancer","Lord CJ, Ashworth A","2023","Nature","Synthetic lethality exploits genetic vulnerabilities in tumor cells. Cells harboring inactivating mutations in BRCA1 or BRCA2 rely heavily on poly(ADP-ribose) polymerase (PARP) for single-strand break repair. PARP inhibitors trap PARP1 at DNA lesions, converting single-strand breaks into lethal double-strand breaks during replication in homologous recombination-deficient ovarian cancers.","BRCA1,BRCA2,PARP,Olaparib,ovarian cancer,synthetic lethality,DNA repair","10.1038/s41586-023-05991-2"
23,"GLP-1 Receptor Agonism and SGLT2 Inhibition in Diabetic Kidney Disease Progression","Perkovic V, Jardine MJ, Neal B, Wheeler DC","2024","Lancet Diabetes & Endocrinology","Diabetic kidney disease represents the principal cause of end-stage renal failure worldwide. Semaglutide (GLP-1 receptor agonist) and Dapagliflozin (SGLT2 inhibitor) attenuate renal hyperfiltration, reduce albuminuria, dampen tubulointerstitial inflammation, and protect vascular endothelial integrity in patients suffering from Type 2 diabetes and hypertension.","Semaglutide,Dapagliflozin,Type 2 diabetes,kidney disease,insulin,albuminuria","10.1016/S2213-8587(24)00032-1"
24,"Microglial Activation and Neuroinflammatory Signaling in Alzheimer's Disease","Heneka MT, Carson MJ, El Khoury J, Landreth GE","2023","Nature Reviews Neuroscience","Microglia undergo distinct transcriptional transitions toward disease-associated microglia (DAM) phenotypes during Alzheimer's disease development. Dysfunctional TREM2 signaling and sustained NLRP3 inflammasome activation accelerate amyloid-beta seeding and tau hyperphosphorylation, exacerbating neuronal synaptic pruning and cognitive deterioration.","TREM2,Alzheimer disease,amyloid-beta,neuroinflammation,microglia,Tau","10.1038/nrn.2023.21"
25,"ALK Gene Rearrangements and Targeted Tyrosine Kinase Inhibitors in Lung Adenocarcinoma","Shaw AT, Bauer TM, de Marinis F, Solomon BJ","2024","Journal of Thoracic Oncology","Chromosomal inversions generating the EML4-ALK fusion oncogene define a distinct molecular subset of non-small cell lung cancer. Third-generation ALK inhibitors including Lorlatinib penetrate the blood-brain barrier and overcome compound resistance mutations that arise after Crizotinib and Alectinib treatment, yielding sustained intracranial tumor regression.","ALK,lung cancer,Lorlatinib,tyrosine kinase,EML4-ALK,oncogene","10.1016/j.jtho.2023.12.008"
26,"ATM and ATR Kinases in the DNA Damage Response and Cancer Therapeutic Targets","Blackford AN, Jackson SP","2023","Nature Reviews Molecular Cell Biology","The ataxia telangiectasia mutated (ATM) and ATM-and-Rad3-related (ATR) kinases are central orchestrators of eukaryotic DNA damage responses. ATM responds predominantly to DNA double-strand breaks, phosphorylating p53, CHK2, and H2AX. Selective small-molecule ATR inhibitors induce replication catastrophe in tumors harboring ATM or p53 loss.","ATM,ATR,TP53,DNA repair,DNA damage,cancer therapeutics,kinase","10.1038/s41580-023-00624-x"
27,"JAK-STAT Signaling Aberrations in Myeloproliferative Neoplasms and Ruxolitinib Therapy","Vannucchi AM, Harrison CN","2023","Blood","Somatic gain-of-function mutations in the JAK2 kinase (specifically JAK2 V617F) or CALR driver genes disrupt negative regulatory loops, causing constitutive JAK-STAT signaling in polycythemia vera, essential thrombocythemia, and primary myelofibrosis. The JAK1/JAK2 inhibitor Ruxolitinib ameliorates splenomegaly and reduces constitutional inflammatory symptoms.","JAK2,STAT,Ruxolitinib,myeloproliferative neoplasm,leukemia,hematology","10.1182/blood.2023020084"
28,"Metformin Action on Mitochondrial Complex I and AMP-Activated Protein Kinase (AMPK)","Viollet B, Guigas B, Sanz Garcia N, Leclerc J","2022","Endocrine Reviews","Metformin remains the primary oral pharmacotherapy for Type 2 diabetes. Its cellular mechanisms involve mild, reversible inhibition of mitochondrial respiratory chain complex I, leading to an elevated AMP-to-ATP ratio and activation of AMP-activated protein kinase (AMPK). Activated AMPK suppresses hepatic gluconeogenesis and augments muscle glucose uptake.","Metformin,AMPK,Type 2 diabetes,insulin,mitochondria,gluconeogenesis","10.1210/endrev/bnac018"
29,"PD-L1 Expression, Tumor Mutational Burden, and Checkpoint Inhibitors in Non-Small Cell Lung Cancer","Reck M, Rodríguez-Abreu D, Robinson AG, Brahmer JR","2023","Lancet Oncology","Programmed death-ligand 1 (PD-L1, CD274) binds PD-1 on activated cytotoxic T cells to transmit inhibitory immune signals. First-line monotherapy with Pembrolizumab or Atezolizumab prolongs overall survival in advanced non-small cell lung cancer with tumor proportion scores of 50% or higher, especially in the absence of EGFR and ALK alterations.","PD-L1,CD274,lung cancer,Pembrolizumab,immunotherapy,checkpoint inhibitor","10.1016/S1470-2045(23)00290-1"
30,"Bcl-2 Inhibition with Venetoclax in Relapsed Chronic Lymphocytic Leukemia and AML","DiNardo CD, Jonas BA, Pullarkat V, Wei AH","2023","New England Journal of Medicine","The anti-apoptotic protein BCL2 confers survival advantages upon hematologic malignancies by sequestering pro-apoptotic BH3-only proteins. Venetoclax acts as an orally bioavailable BH3-mimetic that selectively displaces BIM from BCL2, rapidly triggering mitochondrial outer membrane permeabilization and apoptosis in chronic lymphocytic leukemia and acute myeloid leukemia.","BCL2,Venetoclax,leukemia,apoptosis,Bcl-2,hematology,chemotherapy","10.1056/NEJMoa2212390"
31,"Apolipoprotein E Isoforms and Cerebrovascular Amyloid Angiopathy in Aging Brains","Greenberg SM, Bacskai BJ, Hernandez-Guillamon M","2024","Lancet Neurology","Cerebral amyloid angiopathy (CAA) is characterized by vascular deposition of amyloid-beta within cortical and leptomeningeal arteries, frequently leading to lobar intracerebral hemorrhage and cognitive decline. The APOE epsilon 4 allele escalates vascular amyloid burden, whereas the rare protective APOE Christchurch mutation mitigates neurodegeneration.","APOE,Alzheimer disease,amyloid-beta,cerebral amyloid angiopathy,neurovascular","10.1016/S1474-4422(24)00080-6"
32,"Fibroblast Growth Factor Receptor (FGFR) Genetic Alterations in Cholangiocarcinoma and Bladder Cancer","Loriot Y, Necchi A, Park SH, Garcia-Donas J","2023","Nature Reviews Clinical Oncology","Activating FGFR2 gene fusions and FGFR3 point mutations generate ligand-independent receptor dimerization in intrahepatic cholangiocarcinoma and urothelial bladder carcinomas. Selective oral pan-FGFR tyrosine kinase inhibitors such as Pemigatinib and Erdafitinib exhibit significant antitumor responses in pretreated patients harboring documented FGFR alterations.","FGFR2,FGFR3,cholangiocarcinoma,bladder cancer,Pemigatinib,tyrosine kinase","10.1038/s41571-023-00812-4"
33,"Cardiovascular Risk Reduction with SGLT2 Inhibitors: Mechanisms Beyond Glycemic Control","Packer M, Anker SD, Butler J, Filippatos G","2022","Circulation","Sodium-glucose cotransporter 2 (SGLT2) inhibitors like Empagliflozin and Dapagliflozin were initially engineered for glycemic control in Type 2 diabetes. Large outcome trials demonstrate marked reductions in cardiovascular mortality and heart failure hospitalizations irrespective of baseline glycated hemoglobin, attributable to osmotic diuresis, improved myocardial energetics, and diminished arterial stiffness.","SGLT2,Empagliflozin,Dapagliflozin,heart failure,Type 2 diabetes,cardiovascular","10.1161/CIRCULATIONAHA.122.059800"
34,"Interleukin-1 Beta Neutralization and Atheroprotection in Coronary Artery Disease","Ridker PM, Everett BM, Thuren T, MacFadyen JG","2023","European Heart Journal","Atherosclerosis represents an innate immune-mediated vascular disease driven by cholesterol crystal activation of the NLRP3 inflammasome and interleukin-1 beta (IL1B) release. In the landmark CANTOS study, the anti-IL-1B monoclonal antibody Canakinumab significantly lowered recurrent cardiovascular events without altering lipid levels, proving the inflammatory hypothesis of atherothrombosis.","IL1B,atherosclerosis,Canakinumab,inflammation,cardiovascular disease,NLRP3","10.1093/eurheartj/ehad340"
35,"Targeting Epigenetic Regulators: EZH2 and Histone Methylation in Epithelioid Sarcoma and Lymphoma","Italiano A, Soria JC, Toulmonde M, Michot JM","2023","Lancet Oncology","Enhancer of zeste homolog 2 (EZH2) serves as the catalytic subunit of the polycomb repressive complex 2 (PRC2), catalyzing trimethylation of histone H3 at lysine 27 (H3K27me3) to repress gene transcription. EZH2 gain-of-function mutations or loss of INI1 drive tumorigenesis. Tazemetostat, an oral selective EZH2 inhibitor, induces clinical remissions in follicular lymphoma and epithelioid sarcoma.","EZH2,epigenetics,sarcoma,lymphoma,Tazemetostat,histone methylation","10.1016/S1470-2045(23)00041-0"
36,"DNA Repair Gene PALB2 Mutations and Inherited Susceptibility to Breast and Pancreatic Cancer","Antoniou AC, Casadei S, Heikkinen T, Barrowdale D","2023","New England Journal of Medicine","Partner and localizer of BRCA2 (encoded by PALB2) bridges BRCA1 and BRCA2 at sites of DNA double-strand breaks during homologous recombination repair. Truncating PALB2 mutations confer substantial lifetime risks of breast cancer and familial pancreatic ductal adenocarcinoma, comparable to BRCA2 mutations, and confer sensitivity to platinum chemotherapy and PARP inhibitors.","PALB2,BRCA1,BRCA2,DNA repair,breast cancer,pancreatic cancer,homologous recombination","10.1056/NEJMoa2208912"
37,"NOTCH1 Signaling Mutations and T-Cell Acute Lymphoblastic Leukemia Pathobiology","Weng AP, Ferrando AA, Lee W, Morris JP","2022","Genes & Development","Activating mutations in the NOTCH1 heterodimerization or PEST domains occur in over 60% of pediatric and adult T-cell acute lymphoblastic leukemia (T-ALL) patients. Deregulated NOTCH1 signaling drives expression of downstream target genes including MYC, HES1, and DTX1. Gamma-secretase inhibitors prevent cleavage of active intracellular NOTCH, though gastrointestinal toxicity warrants combination strategies.","NOTCH1,leukemia,MYC,T-ALL,oncogene,transcription factor","10.1101/gad.220194"
38,"Targeting the Complement Cascade in Paroxysmal Nocturnal Hemoglobinuria and Glomerulopathy","Hillmen P, Szer J, Weitz I, Röth A","2024","New England Journal of Medicine","Paroxysmal nocturnal hemoglobinuria (PNH) is an acquired clonal hematopoietic stem cell disorder causing deficiency of GPI-anchored complement regulatory proteins CD55 and CD59. Uncontrolled terminal complement C5 activation results in severe intravascular hemolysis and thrombosis. Monoclonal antibodies against C5 (Eculizumab, Ravulizumab) and proximal C3 inhibitors effectively normalize hemoglobin levels.","C5,C3,complement,Eculizumab,hematology,hemolysis,autoimmune","10.1056/NEJMra2309110"
39,"Vascular Endothelial Growth Factor Receptor Tyrosine Kinase Inhibitors in Renal Cell Carcinoma","Choueiri TK, Powles T, Burotto M, Escudier B","2023","New England Journal of Medicine","Inactivation of the von Hippel-Lindau (VHL) tumor suppressor gene leads to constitutive stabilization of hypoxia-inducible factor (HIF) and downstream overexpression of VEGFA in clear cell renal cell carcinoma. Multikinase inhibitors targeting VEGFR (Cabozantinib, Lenvatinib, Axitinib) combined with immune checkpoint inhibitors have established new standards of care for first-line metastatic renal carcinoma.","VEGFR,VEGFA,VHL,renal cancer,Cabozantinib,tyrosine kinase,angiogenesis","10.1056/NEJMoa2301980"
40,"Tumor Necrosis Factor Receptor-Associated Factors (TRAFs) in NF-kB Activation and Autoimmunity","Xie P, Bishop GA","2023","Frontiers in Immunology","Tumor necrosis factor receptor-associated factors (TRAF proteins) transduce signals from the TNF receptor superfamily and Toll-like receptors to drive NF-kB and MAPK activation. Aberrant TRAF2 and TRAF6 signaling perpetuates chronic tissue inflammation in rheumatoid arthritis, systemic lupus erythematosus, and inflammatory bowel disease. Small molecule TRAF antagonists are under active preclinical development.","TNF,TRAF,rheumatoid arthritis,NF-kB,autoimmune,inflammation","10.3389/fimmu.2023.1189201"
41,"Amyloid Precursor Protein (APP) Cleavage and Beta-Secretase 1 (BACE1) in Alzheimer's Pathogenesis","Vassar R, Kuhn PH, Haass C, Lichtenthaler SF","2023","Journal of Neurochemistry","Sequential proteolytic cleavage of the amyloid precursor protein (APP) by beta-site APP cleaving enzyme 1 (BACE1) and gamma-secretase yields neurotoxic amyloid-beta 42 peptides. While familial early-onset Alzheimer's disease mutations cluster near the APP cleavage site, therapeutic BACE1 small molecule inhibitors caused unexpected cognitive worsening, shifting therapeutic focus toward immunoclearance antibodies like Lecanemab.","APP,BACE1,amyloid-beta,Alzheimer disease,Lecanemab,neurodegeneration","10.1111/jnc.15810"
42,"Targeting HER3 (ERBB3) and NRG1 Fusions in Solid Tumors and Targeted Therapy Resistance","Haikala HM, Jänne PA","2024","Cancer Cell","HER3 (ERBB3) lacks intrinsic kinase activity but functions as an indispensable heterodimerization partner for EGFR and HER2, potently activating the PI3K-AKT survival axis. NRG1 gene rearrangements create chimeric proteins that stimulate HER3 phosphorylation. Patritumab deruxtecan, an anti-HER3 antibody-drug conjugate, achieves clinical responses in EGFR-mutant lung cancer resistant to osimertinib.","ERBB3,HER3,EGFR,HER2,lung cancer,breast cancer,PI3K","10.1016/j.ccell.2024.01.002"
43,"Interleukin-6 Signaling in Cytokine Release Syndrome and Sepsis Induced Organ Failure","Kang S, Tanaka T, Narazaki M, Kishimoto T","2023","Immunity","Hyperactivation of Interleukin-6 (IL6) trans-signaling via soluble IL-6 receptor (sIL-6R) and gp130 mediates endothelial barrier disruption and hypercoagulability during cytokine release syndrome (CRS) in CAR-T cell immunotherapy and severe sepsis. Blockade with Tocilizumab or Sarilumab swiftly reverses systemic hypotension and respiratory distress.","IL6,cytokine release syndrome,Tocilizumab,inflammation,autoimmune,sepsis","10.1016/j.immuni.2023.03.011"
44,"DNA Polymerase Epsilon (POLE) Proofreading Mutations and Hypermutation in Endometrial Cancer","Church DN, Stelloo E, Nout RA, Bosse T","2023","Lancet Oncology","Somatic exonuclease domain mutations in POLE compromise the proofreading capability of DNA polymerase epsilon, resulting in ultra-hypermutated genomes characterized by thousands of single-nucleotide variants in endometrial carcinoma and colorectal cancer. Paradoxically, POLE-mutant tumors exhibit exceptionally favorable prognoses and robust immunogenicity due to elevated neoantigen expression.","POLE,DNA repair,endometrial cancer,hypermutation,immunotherapy,colorectal cancer","10.1016/S1470-2045(23)00155-5"
45,"Role of Gut Microbiota in Short-Chain Fatty Acids Production and Insulin Sensitivity","Cani PD, Van Hul M, Lefort C, Depommier C","2023","Nature Reviews Gastroenterology & Hepatology","The human intestinal microbiota synthesizes short-chain fatty acids (acetate, propionate, butyrate) through fermentation of dietary fibers. These metabolites stimulate G-protein coupled receptors GPR41 and GPR43, promoting GLP-1 secretion and systemic insulin sensitivity while reducing adipose tissue inflammation in obesity and Type 2 diabetes models.","insulin resistance,Type 2 diabetes,GLP-1,microbiota,metabolism,inflammation","10.1038/s41575-023-00788-2"
46,"Targeting MDM2-p53 Interaction to Reactivate Tumor Suppression in Hematologic Malignancies","Konieczny I, Prives C, Burgess AW","2023","Frontiers in Oncology","In tumors retaining wild-type TP53, MDM2 acts as the primary E3 ubiquitin ligase targeting p53 for proteasomal degradation. Small molecule MDM2 antagonists (Nutlins, Idasanutlin, Siremadlin) prevent MDM2-p53 binding, stabilizing p53 and provoking cell cycle arrest and apoptosis in acute myeloid leukemia and dedifferentiated liposarcoma.","TP53,p53,MDM2,apoptosis,leukemia,sarcoma,tumor suppressor","10.3389/fonc.2023.1098411"
47,"CD20-Targeted Monoclonal Antibodies and Bispecific T-Cell Engagers in B-Cell Non-Hodgkin Lymphoma","Salles G, Barrett M, Foà R, Maurer J","2022","Blood","CD20 (MS4A1) is an unglycosylated phosphoprotein expressed on mature B lymphocytes and B-cell lymphomas. Anti-CD20 monoclonal antibodies (Rituximab, Obinutuzumab) revolutionized chemoimmunotherapy. Next-generation bispecific antibodies like Glofitamab and Epcoritamab bridge CD20-expressing lymphoma cells to CD3 on T cells, generating profound cytotoxic responses in refractory diffuse large B-cell lymphoma.","CD20,MS4A1,lymphoma,Rituximab,immunotherapy,bispecific antibody","10.1182/blood.2022015520"
48,"Targeting the AXL and MERTK Receptor Tyrosine Kinases in Cancer Immune Evasion","Akalu YT, Rothlin CV, Ghosh S","2023","Nature Reviews Immunology","The TAM receptor tyrosine kinases (TYRO3, AXL, MERTK) normally mediate phagocytic clearance of apoptotic cells and suppress immune responses. In the tumor microenvironment, AXL overexpression on malignant cells fosters epithelial-mesenchymal transition and suppresses dendritic cell cross-presentation. Selective AXL inhibitors overcome anti-PD-1 resistance across lung, ovarian, and triple-negative breast cancers.","AXL,MERTK,breast cancer,lung cancer,immunotherapy,tyrosine kinase,resistance","10.1038/s41577-023-00854-3"
49,"Insulin-Like Growth Factor 1 (IGF-1) Signaling in Sarcopenia and Metabolic Regulation","Clemmons DR","2023","Endocrine Reviews","Insulin-like growth factor 1 (IGF-1) acts downstream of growth hormone to stimulate protein synthesis via the PI3K/AKT/mTOR cascade. Reduced circulating IGF-1 during aging correlates with progressive loss of skeletal muscle mass (sarcopenia) and worsened insulin resistance in elderly populations afflicted with Type 2 diabetes.","IGF1,insulin resistance,Type 2 diabetes,mTOR,AKT1,metabolism,muscle","10.1210/endrev/bnad012"
50,"RAD51 Recombinase and Homologous Recombination Repair Regulation in Cancer Cells","Holthausen JT, Wyman C, Kanaar R","2023","Cold Spring Harbor Perspectives in Biology","RAD51 is the central recombinase of the homologous recombination machinery, forming helical nucleoprotein filaments on single-stranded DNA to execute strand invasion and homology search. BRCA2 acts as a chaperone loading RAD51 at double-strand breaks. Elevated RAD51 expression confers resistance to ionizing radiation and poly(ADP-ribose) polymerase (PARP) inhibitors in breast and ovarian tumors.","RAD51,BRCA2,DNA repair,homologous recombination,breast cancer,ovarian cancer","10.1101/cshperspect.a041223"
51,"Anti-Amyloid Monoclonal Antibodies Lecanemab and Donanemab in Early Alzheimer's Disease","van Dyck CH, Swanson CJ, Aisen P, Bateman RJ","2023","New England Journal of Medicine","In large phase 3 trials in early Alzheimer's disease, humanized IgG1 monoclonal antibodies directed against soluble amyloid-beta protofibrils (Lecanemab) and N3pG-amyloid (Donanemab) achieved marked clearance of cortical amyloid plaques. Patients experienced modest slowing of cognitive decline over 18 months, alongside manageable amyloid-related imaging abnormalities (ARIA).","amyloid-beta,Alzheimer disease,Lecanemab,Donanemab,APOE,neurodegeneration","10.1056/NEJMoa2212948"
52,"Role of MET Oncogene Amplification in Mediating Resistance to Targeted Therapies","Trusolino L, Bertotti A, Comoglio PM","2024","Nature Reviews Cancer","MET receptor tyrosine kinase amplification and exon 14 skipping alterations drive oncogenesis in non-small cell lung cancer and gastric carcinoma. Furthermore, MET genomic amplification serves as a principal bypass mechanism overcoming EGFR tyrosine kinase inhibition in lung adenocarcinoma and BRAF inhibition in colorectal cancer. MET-specific inhibitors Capmatinib and Tepotinib overcome this resistance.","MET,EGFR,lung cancer,tyrosine kinase,Capmatinib,resistance,colorectal cancer","10.1038/s41568-023-00650-7"
53,"GLP-1 Receptor Agonists and Cardiovascular Outcomes in Overweight and Obese Non-Diabetic Patients","Lincoff AM, Brown-Frandsen K, Colhoun HM, Deanfield J","2023","New England Journal of Medicine","In the SELECT cardiovascular outcomes trial, weekly subcutaneous Semaglutide (2.4 mg) reduced the incidence of death from cardiovascular causes, nonfatal myocardial infarction, or nonfatal stroke by 20% in patients with preexisting cardiovascular disease and obesity without diabetes. Favorable effects stemmed from systemic anti-inflammatory actions and improved endothelial function.","Semaglutide,obesity,cardiovascular disease,GLP-1,atherosclerosis,inflammation","10.1056/NEJMoa2307563"
54,"Mismatch Repair and Lynch Syndrome: Identification and Management of Germline Mutations","Lynch HT, Snyder CL, Shaw TG, Heinen CD, Hitchins MP","2022","Nature Reviews Clinical Oncology","Lynch syndrome is an autosomal dominant hereditary cancer predisposition disorder caused by germline pathogenic variants in mismatch repair genes (MLH1, MSH2, MSH6, PMS2) or EPCAM deletion. Carriers carry up to 70% cumulative lifetime risk for colorectal cancer and 40% for endometrial cancer. Universal tumor screening for microsatellite instability guides immune checkpoint therapy.","MLH1,MSH2,MSH6,colorectal cancer,Lynch syndrome,DNA repair,endometrial cancer","10.1038/s41571-022-00670-w"
55,"PD-1/PD-L1 Pathway in Tumor Immunology and Mechanisms of Acquired Resistance","Sharma P, Goswami S, Raychaudhuri D, Siddiqui BA","2023","Cell","Immune checkpoint therapy targeting the PD-1/PD-L1 axis has transformed modern oncology. However, acquired resistance commonly arises through loss of beta-2-microglobulin (B2M) disrupting MHC class I antigen presentation, inactivating JAK1/JAK2 mutations impairing interferon-gamma signaling, or upregulation of alternative inhibitory receptors like TIM-3 and LAG-3.","PD-1,PD-L1,immunotherapy,B2M,JAK1,JAK2,cancer genomics","10.1016/j.cell.2023.01.004"
