protein_id,name,uniprot_id,gene_symbol,molecular_mass_kda,cellular_localization,function,associated_diseases
1,"Tumor Protein P53","P04637","TP53","53.7","Nucleus, Cytoplasm","Acts as a tumor suppressor in all higher eukaryotic species, inducing apoptosis, cell cycle arrest, and metabolic regulation.","Li-Fraumeni Syndrome, Breast Cancer, Colorectal Cancer"
2,"Breast Cancer Type 1 Susceptibility Protein","P38398","BRCA1","207.7","Nucleus","E3 ubiquitin ligase component maintaining chromosomal stability through homology-directed repair of double-strand DNA breaks.","Breast Cancer, Ovarian Cancer"
3,"Breast Cancer Type 2 Susceptibility Protein","P51587","BRCA2","384.3","Nucleus","Promotes recruitment of RAD51 to damaged DNA loci, facilitating sister-chromatid exchange during homologous recombination.","Breast Cancer, Ovarian Cancer"
4,"Epidermal Growth Factor Receptor","P00533","EGFR","134.3","Cell Membrane","Transmembrane receptor tyrosine kinase stimulating cell proliferation, migration, survival, and neo-angiogenesis.","Non-Small Cell Lung Cancer, Glioblastoma"
5,"Apolipoprotein E","P02649","APOE","36.2","Secreted, Extracellular Matrix","Apoprotein mediating uptake of lipid and cholesterol particles through binding to low-density lipoprotein receptors.","Alzheimer Disease, Atherosclerosis"
6,"Insulin","P01308","INS","11.9","Secreted, Extracellular Matrix","Hormone stimulating peripheral glucose consumption into muscle and adipocytes while suppressing hepatic gluconeogenesis.","Type 1 Diabetes, Type 2 Diabetes"
7,"Tumor Necrosis Factor Alpha","P01375","TNF","25.6","Cell Membrane, Secreted","Potent pro-inflammatory cytokine activating death receptor and NF-kB signaling during infection and chronic inflammation.","Rheumatoid Arthritis, Inflammatory Bowel Disease"
8,"Interleukin-6","P05231","IL6","23.7","Secreted","Pro-inflammatory and immunoregulatory cytokine orchestrating hepatic acute-phase response and plasmacyte differentiation.","Rheumatoid Arthritis, Cytokine Release Syndrome"
9,"Phosphatase and Tensin Homolog","P60484","PTEN","47.1","Cytoplasm, Nucleus","Lipid and protein phosphatase opposing the PI3K signaling pathway through dephosphorylation of phosphatidylinositol (3,4,5)-trisphosphate.","Glioblastoma, Prostate Cancer, Cowden Syndrome"
10,"Vascular Endothelial Growth Factor A","P15692","VEGFA","27.0","Secreted, Extracellular Matrix","Potent mitogen for vascular endothelial cells, promoting physiological vasculogenesis and pathological tumor microvascularization.","Colorectal Cancer, Renal Cell Carcinoma"
11,"Receptor Tyrosine-Protein Kinase erbB-2 (HER2)","P04626","ERBB2","137.9","Cell Membrane","Receptor tyrosine kinase devoid of direct ligand binding; forms potent heterodimeric signaling units with EGFR and HER3.","HER2-Positive Breast Cancer, Gastric Cancer"
12,"Microtubule-Associated Protein Tau","P10636","MAPT","78.9","Cytoplasm, Axons","Promotes microtubule assembly and stability in neurons; hyperphosphorylation causes pathological paired helical neurofibrillary tangles.","Alzheimer Disease, Frontotemporal Dementia"
13,"Alpha-Synuclein","P37840","SNCA","14.5","Presynapse, Cytoplasm","Presynaptic phosphoprotein modulating neurotransmitter exocytosis; aggregates to form pathological inclusions in Lewy bodies.","Parkinson Disease, Lewy Body Dementia"
14,"K-Ras GTPase","P01116","KRAS","21.6","Cell Membrane, Inner Leaflet","GTP-binding protein relaying mitogenic signals from receptor tyrosine kinases to downstream Raf/MEK/ERK cascades.","Colorectal Cancer, Pancreatic Cancer"
15,"Cystic Fibrosis Transmembrane Conductance Regulator","P13569","CFTR","168.1","Apical Plasma Membrane","Phosphorylation-regulated ABC transporter that forms a cAMP-activated chloride and thiocyanate conducting pore in epithelial membranes.","Cystic Fibrosis"
16,"Proprotein Convertase Subtilisin/Kexin Type 9","Q8NBP7","PCSK9","74.3","Secreted","Secreted protease promoting hepatic degradation of the low-density lipoprotein receptor (LDLR), elevating circulating LDL-C.","Atherosclerosis, Hypercholesterolemia"
17,"Estrogen Receptor Alpha","P03372","ESR1","66.2","Nucleus, Cytoplasm","Ligand-activated transcription factor regulating transcription of target genes responsive to circulating estrogen hormones.","Breast Cancer, Osteoporosis"
18,"Beta-Catenin 1","P35222","CTNNB1","85.5","Adherens Junction, Nucleus","Connects cadherins to actin cytoskeleton at cell junctions and acts as the central effector transcriptional coactivator of canonical Wnt.","Colorectal Cancer, Hepatocellular Carcinoma"
19,"Phosphatidylinositol 4,5-Bisphosphate 3-Kinase Alpha","P42336","PIK3CA","124.3","Cytoplasm, Cell Membrane","Phosphorylates PtdIns(4,5)P2 to generate PtdIns(3,4,5)P3, which serves as a second messenger docking platform for AKT1 and PDK1.","Breast Cancer, Colorectal Cancer"
20,"DNA Mismatch Repair Protein MLH1","P40692","MLH1","84.6","Nucleus","Coordinates mismatch recognition with MutS complexes to recruit downstream endonucleases during DNA repair.","Lynch Syndrome, Colorectal Cancer"
21,"Serine/Threonine-Protein Kinase B-Raf","P15056","BRAF","84.4","Cytoplasm","Serine/threonine kinase that phosphorylates and activates MEK kinases in response to active GTP-bound Ras GTPases.","Cutaneous Melanoma, Colorectal Cancer"
22,"Apoptosis Regulator BCL-2","P10415","BCL2","26.3","Mitochondrial Outer Membrane","Suppresses programmed cell death by neutralizing pro-apoptotic BAX, BAK, and BH3-only activator proteins.","Chronic Lymphocytic Leukemia, Follicular Lymphoma"
23,"Programmed Cell Death 1 Ligand 1 (PD-L1)","Q9NZQ7","CD274","33.3","Cell Membrane","Cell surface immune inhibitory ligand that binds PD-1 on antigen-primed T lymphocytes, triggering inhibitory signaling.","Non-Small Cell Lung Cancer, Melanoma"
24,"Janus Kinase 2","O60674","JAK2","130.7","Cytoplasm, Endomembrane","Tyrosine kinase coupling erythropoietin and thrombopoietin receptors to STAT transcriptional activator phosphorylation.","Polycythemia Vera, Primary Myelofibrosis"
25,"Triggering Receptor Expressed on Myeloid Cells 2","Q9NZC2","TREM2","25.4","Cell Membrane","Transmembrane receptor on microglia that binds anionic lipids and APOE to orchestrate microglial survival and plaque compaction.","Alzheimer Disease"
