id,source_type,source_name,relationship_type,target_type,target_name,confidence,evidence
1,"Gene","BRCA1","associated_with","Disease","Breast Cancer",0.99,"Germline pathogenic variants predispose up to 70% cumulative lifetime incidence."
2,"Gene","BRCA1","associated_with","Disease","Ovarian Cancer",0.98,"Impaired homologous recombination increases serous ovarian adenocarcinoma susceptibility."
3,"Gene","BRCA1","expresses","Protein","Breast Cancer Type 1 Susceptibility Protein",1.0,"Encodes 1863 amino acid nuclear ring finger protein."
4,"Gene","BRCA2","associated_with","Disease","Breast Cancer",0.97,"Germline truncation mutations confer elevated breast cancer predisposition."
5,"Gene","BRCA2","associated_with","Disease","Ovarian Cancer",0.95,"Loss of BRCA2 leads to homologous recombination deficiency."
6,"Gene","BRCA2","expresses","Protein","Breast Cancer Type 2 Susceptibility Protein",1.0,"Encodes key component of DNA double-strand repair machinery."
7,"Gene","TP53","associated_with","Disease","Li-Fraumeni Syndrome",0.99,"Autosomal dominant hereditary cancer syndrome with multi-organ tumor emergence."
8,"Gene","TP53","associated_with","Disease","Breast Cancer",0.94,"Somatic mutations occur in ~35% of all breast carcinomas."
9,"Gene","TP53","associated_with","Disease","Colorectal Cancer",0.96,"Inactivating mutations mark transition from adenoma to invasive carcinoma."
10,"Gene","TP53","associated_with","Disease","Non-Small Cell Lung Cancer",0.92,"Most frequent alteration in lung adenocarcinoma and squamous carcinoma."
11,"Gene","TP53","associated_with","Disease","Glioblastoma",0.91,"Inactivation compromises cell cycle checkpoint control in astrocytic lineages."
12,"Gene","TP53","expresses","Protein","Tumor Protein P53",1.0,"Directly encodes 393-amino acid homotetrameric transcription factor."
13,"Gene","EGFR","associated_with","Disease","Non-Small Cell Lung Cancer",0.98,"Exon 19 in-frame deletions and L858R missense point mutations drive tumorigenesis."
14,"Gene","EGFR","associated_with","Disease","Glioblastoma",0.93,"EGFR amplification and EGFRvIII variants hyperactivate receptor tyrosine kinase signaling."
15,"Gene","EGFR","associated_with","Disease","Colorectal Cancer",0.89,"Targeted with cetuximab/panitumumab in wild-type KRAS metastatic disease."
16,"Gene","EGFR","expresses","Protein","Epidermal Growth Factor Receptor",1.0,"Encodes 170 kDa transmembrane glycoprotein receptor."
17,"Gene","APOE","associated_with","Disease","Alzheimer Disease",0.99,"APOE epsilon 4 allele escalates risk by 3-fold (heterozygous) to 12-fold (homozygous)."
18,"Gene","APOE","associated_with","Disease","Atherosclerosis",0.94,"APOE isoforms critically govern clearance of remnant lipoproteins and LDL particles."
19,"Gene","APOE","expresses","Protein","Apolipoprotein E",1.0,"Synthesized heavily by astrocytes in brain and hepatocytes systemically."
20,"Gene","TNF","associated_with","Disease","Rheumatoid Arthritis",0.97,"Drives synovial osteoclast differentiation and joint microvascular inflammation."
21,"Gene","TNF","associated_with","Disease","Type 2 Diabetes",0.88,"Elevated TNF-alpha promotes serine phosphorylation of IRS-1, inducing insulin resistance."
22,"Gene","TNF","expresses","Protein","Tumor Necrosis Factor Alpha",1.0,"Encodes homotrimeric membrane-anchored and cleaved cytokine."
23,"Gene","KRAS","associated_with","Disease","Colorectal Cancer",0.98,"Codon 12 and 13 mutations activate GTPase signaling independent of upstream EGFR."
24,"Gene","KRAS","associated_with","Disease","Pancreatic Ductal Adenocarcinoma",0.99,"Present in >90% of pancreatic ductal adenocarcinomas as initiating driver."
25,"Gene","KRAS","associated_with","Disease","Non-Small Cell Lung Cancer",0.95,"KRAS G12C mutation constitutes major targetable oncogenic driver."
26,"Gene","KRAS","expresses","Protein","K-Ras GTPase",1.0,"Encodes small G-protein tethered to plasma membrane."
27,"Gene","PTEN","associated_with","Disease","Glioblastoma",0.96,"Deletion or mutation leads to loss of PIP3 phosphatase activity."
28,"Gene","PTEN","associated_with","Disease","Breast Cancer",0.89,"Inactivation triggers hyperactivation of AKT1 and downstream mTORC1."
29,"Gene","PTEN","expresses","Protein","Phosphatase and Tensin Homolog",1.0,"Translates lipid phosphatase that counteracts PI3K enzymatic activity."
30,"Gene","INS","associated_with","Disease","Type 2 Diabetes",0.98,"Beta-cell secretory defect and peripheral receptor signaling collapse."
31,"Gene","INS","expresses","Protein","Insulin",1.0,"Encodes preproinsulin cleaved into mature A and B chains."
32,"Gene","VEGFA","associated_with","Disease","Colorectal Cancer",0.95,"Stimulates vessel sprout formation sustaining tumor oxygenation and metastasis."
33,"Gene","VEGFA","associated_with","Disease","Renal Cell Carcinoma",0.98,"Loss of VHL leads to HIF-mediated hypersecretion of VEGFA."
34,"Gene","VEGFA","expresses","Protein","Vascular Endothelial Growth Factor A",1.0,"Translates dimeric angiogenic polypeptide."
35,"Gene","IL6","associated_with","Disease","Rheumatoid Arthritis",0.96,"Synthesized by synovial fibroblasts, mediating systemic inflammatory phase."
36,"Gene","IL6","associated_with","Disease","Type 2 Diabetes",0.87,"Chronic low-grade elevation impairs adipocyte and hepatic insulin signaling."
37,"Gene","IL6","expresses","Protein","Interleukin-6",1.0,"Encodes four-helix bundle cytokine."
38,"Gene","ERBB2","associated_with","Disease","Breast Cancer",0.98,"Gene amplification in 15-20% invasive mammary carcinomas causes aggressive biology."
39,"Gene","ERBB2","expresses","Protein","Receptor Tyrosine-Protein Kinase erbB-2 (HER2)",1.0,"Encodes orphan tyrosine kinase receptor with high kinase potency."
40,"Gene","BRAF","associated_with","Disease","Cutaneous Melanoma",0.99,"V600E point mutation causes constitutive monomeric kinase activation."
41,"Gene","BRAF","associated_with","Disease","Colorectal Cancer",0.94,"BRAF V600E mutations confer aggressive prognosis and resistance to EGFR therapy."
42,"Gene","BRAF","expresses","Protein","Serine/Threonine-Protein Kinase B-Raf",1.0,"Encodes cytoplasmic serine/threonine protein kinase."
43,"Gene","MAPT","associated_with","Disease","Alzheimer Disease",0.97,"Hyperphosphorylated Tau forms paired helical filaments and neurofibrillary tangles."
44,"Gene","MAPT","associated_with","Disease","Frontotemporal Dementia",0.95,"Mutations cause toxic insoluble protein tau aggregates in frontotemporal cortex."
45,"Gene","MAPT","expresses","Protein","Microtubule-Associated Protein Tau",1.0,"Encodes axonal microtubule stabilizing phosphoprotein."
46,"Gene","SNCA","associated_with","Disease","Parkinson Disease",0.99,"Point mutations or duplications accelerate Lewy body fibrillization."
47,"Gene","SNCA","expresses","Protein","Alpha-Synuclein",1.0,"Encodes 140-amino acid natively unfolded presynaptic protein."
48,"Gene","CFTR","associated_with","Disease","Cystic Fibrosis",1.0,"Monogenic defect causing impaired chloride and bicarbonate epithelial transport."
49,"Gene","CFTR","expresses","Protein","Cystic Fibrosis Transmembrane Conductance Regulator",1.0,"Encodes 1480-amino acid ABC family ion channel."
50,"Gene","PCSK9","associated_with","Disease","Atherosclerosis",0.98,"Gain-of-function variants lower hepatic LDLR density, elevating atherogenic particles."
51,"Gene","PCSK9","expresses","Protein","Proprotein Convertase Subtilisin/Kexin Type 9",1.0,"Secreted proprotein convertase directing LDLR toward lysosomes."
52,"Gene","ESR1","associated_with","Disease","Breast Cancer",0.98,"Estrogen receptor mediates mitogenic signaling in ER+ luminal breast cancer."
53,"Gene","ESR1","expresses","Protein","Estrogen Receptor Alpha",1.0,"Encodes nuclear steroid hormone receptor transcription factor."
54,"Gene","CTNNB1","associated_with","Disease","Colorectal Cancer",0.95,"Activating mutations prevent destruction, driving oncogenic Wnt transcriptional programs."
55,"Gene","CTNNB1","expresses","Protein","Beta-Catenin 1",1.0,"Central transducer of canonical Wnt cascade."
56,"Gene","PIK3CA","associated_with","Disease","Breast Cancer",0.96,"Activating helical and kinase domain mutations in HR+/HER2- tumors."
57,"Gene","PIK3CA","expresses","Protein","Phosphatidylinositol 4,5-Bisphosphate 3-Kinase Alpha",1.0,"Encodes p110-alpha catalytic lipid kinase subunit."
58,"Gene","MLH1","associated_with","Disease","Colorectal Cancer",0.97,"Deficiency causes microsatellite instability (MSI-High) in Lynch syndrome and sporadic CRC."
59,"Gene","MLH1","associated_with","Disease","Lynch Syndrome",0.99,"Germline loss initiates hereditary non-polyposis colorectal cancer."
60,"Gene","MLH1","expresses","Protein","DNA Mismatch Repair Protein MLH1",1.0,"Encodes MutL homolog component of mismatch excision complex."
61,"Gene","BCL2","associated_with","Disease","Chronic Lymphocytic Leukemia",0.98,"Anti-apoptotic overexpression blocks BH3-mediated mitochondrial cyt-c release."
62,"Gene","BCL2","expresses","Protein","Apoptosis Regulator BCL-2",1.0,"Mitochondrial outer membrane anti-apoptotic guardian."
63,"Gene","CD274","associated_with","Disease","Non-Small Cell Lung Cancer",0.96,"Tumoral PD-L1 expression predicts responsiveness to immune checkpoint blockade."
64,"Gene","CD274","expresses","Protein","Programmed Cell Death 1 Ligand 1 (PD-L1)",1.0,"Transmembrane glycoprotein ligand for PD-1 receptor."
65,"Gene","JAK2","associated_with","Disease","Polycythemia Vera",0.99,"JAK2 V617F somatic driver mutation present in ~95% of polycythemia vera patients."
66,"Gene","JAK2","expresses","Protein","Janus Kinase 2",1.0,"Non-receptor tyrosine kinase transmitting cytokine receptor signals."
67,"Gene","TREM2","associated_with","Disease","Alzheimer Disease",0.93,"R47H missense variant impairs microglial clearance of neurotoxic amyloid deposits."
68,"Gene","TREM2","expresses","Protein","Triggering Receptor Expressed on Myeloid Cells 2",1.0,"Microglial surface immunoreceptor for phospholipids and apolipoproteins."
69,"Drug","Olaparib","treats","Disease","Ovarian Cancer",0.99,"FDA approved for advanced BRCA-mutated or HRD-positive epithelial ovarian cancer."
70,"Drug","Olaparib","treats","Disease","Breast Cancer",0.97,"Approved for germline BRCA-mutated HER2-negative metastatic breast cancer."
71,"Drug","Olaparib","inhibits","Protein","Breast Cancer Type 1 Susceptibility Protein",0.92,"Exploits synthetic lethality in tumors deficient in BRCA1 function."
72,"Drug","Osimertinib","treats","Disease","Non-Small Cell Lung Cancer",0.99,"First-line standard of care for EGFR mutation-positive lung adenocarcinoma."
73,"Drug","Osimertinib","inhibits","Protein","Epidermal Growth Factor Receptor",0.99,"Potently inhibits exon 19 del, L858R, and T790M EGFR kinases."
74,"Drug","Trastuzumab","treats","Disease","Breast Cancer",0.99,"Standard of care for HER2-amplified early and metastatic breast malignancies."
75,"Drug","Trastuzumab","inhibits","Protein","Receptor Tyrosine-Protein Kinase erbB-2 (HER2)",0.99,"Binds domain IV of HER2, abrogating proliferative downstream survival cascades."
76,"Drug","Metformin","treats","Disease","Type 2 Diabetes",0.99,"First-line oral antidiabetic therapy, reducing hepatic glucose output."
77,"Drug","Semaglutide","treats","Disease","Type 2 Diabetes",0.99,"Improves glycemic control and stimulates glucose-dependent insulin secretion."
78,"Drug","Semaglutide","treats","Disease","Atherosclerosis",0.92,"Demonstrated 20% reduction in major adverse cardiovascular events (MACE)."
79,"Drug","Pembrolizumab","treats","Disease","Non-Small Cell Lung Cancer",0.98,"First-line therapy for tumors expressing high PD-L1 without EGFR/ALK mutations."
80,"Drug","Pembrolizumab","treats","Disease","Cutaneous Melanoma",0.98,"Substantially prolongs overall survival in advanced melanoma."
81,"Drug","Pembrolizumab","treats","Disease","Colorectal Cancer",0.96,"Highly effective in microsatellite instability-high (MSI-H / dMMR) colorectal cancers."
82,"Drug","Pembrolizumab","inhibits","Protein","Programmed Cell Death 1 Ligand 1 (PD-L1)",0.98,"Disrupts the PD-1 / PD-L1 immunosuppressive axis."
83,"Drug","Sotorasib","treats","Disease","Non-Small Cell Lung Cancer",0.97,"First targeted small molecule approved for KRAS G12C-mutated solid tumors."
84,"Drug","Sotorasib","inhibits","Protein","K-Ras GTPase",0.99,"Covalently binds cysteine 12 in the switch II pocket of mutant KRAS."
85,"Drug","Palbociclib","treats","Disease","Breast Cancer",0.98,"Synergizes with aromatase inhibitors or fulvestrant in ER+ advanced breast cancer."
86,"Drug","Vemurafenib","treats","Disease","Cutaneous Melanoma",0.98,"Selectively suppresses BRAF V600E mutant kinase activity."
87,"Drug","Vemurafenib","inhibits","Protein","Serine/Threonine-Protein Kinase B-Raf",0.99,"Shuts down excessive MAPK phosphorylation in BRAF-mutant melanoma cells."
88,"Drug","Adalimumab","treats","Disease","Rheumatoid Arthritis",0.99,"Anti-TNF biological therapy inducing clinical ACR70 remission responses."
89,"Drug","Adalimumab","inhibits","Protein","Tumor Necrosis Factor Alpha",0.99,"Neutralizes circulating and membrane-bound TNF cytokines."
90,"Drug","Tocilizumab","treats","Disease","Rheumatoid Arthritis",0.98,"Suppresses IL-6 mediated articular destruction and C-reactive protein elevation."
91,"Drug","Tocilizumab","inhibits","Protein","Interleukin-6",0.99,"Blocks both classical and trans-signaling through IL-6 receptor."
92,"Drug","Venetoclax","treats","Disease","Chronic Lymphocytic Leukemia",0.99,"Directly induces rapid apoptosis in BCL2-dependent leukemia cells."
93,"Drug","Venetoclax","inhibits","Protein","Apoptosis Regulator BCL-2",0.99,"Mimics BH3 death domain peptides to inhibit BCL-2."
94,"Drug","Evolocumab","treats","Disease","Atherosclerosis",0.99,"Reduces LDL-C by up to 60% and significantly decreases cardiovascular plaque volume."
95,"Drug","Evolocumab","inhibits","Protein","Proprotein Convertase Subtilisin/Kexin Type 9",0.99,"Blocks PCSK9 from targeting LDLR to lysosomes."
96,"Drug","Ivacaftor","treats","Disease","Cystic Fibrosis",0.99,"Dramatically improves lung clearance in gating-mutation CFTR carriers."
97,"Drug","Ivacaftor","activates","Protein","Cystic Fibrosis Transmembrane Conductance Regulator",0.98,"Potentiates chloride open probability across mucosal surfaces."
98,"Drug","Lecanemab","treats","Disease","Alzheimer Disease",0.96,"Clears amyloid-beta protofibrils and slows cognitive decline by 27% at 18 months."
99,"Drug","Bevacizumab","treats","Disease","Colorectal Cancer",0.97,"Inhibits tumor neo-angiogenesis in combination with fluorouracil-based chemotherapy."
100,"Drug","Bevacizumab","inhibits","Protein","Vascular Endothelial Growth Factor A",0.99,"Deprives endothelial cells of VEGFA survival signaling."
101,"Drug","Elacestrant","treats","Disease","Breast Cancer",0.96,"Degrades mutant ESR1 receptors to overcome aromatase inhibitor resistance."
102,"Drug","Elacestrant","inhibits","Protein","Estrogen Receptor Alpha",0.98,"Selectively binds and degrades estrogen receptor alpha protein."
103,"Drug","Alpelisib","treats","Disease","Breast Cancer",0.95,"Inhibits alpha catalytic subunit of PI3K in PIK3CA-mutated tumors."
104,"Drug","Alpelisib","inhibits","Protein","Phosphatidylinositol 4,5-Bisphosphate 3-Kinase Alpha",0.98,"Directly suppresses p110-alpha kinase activity."
105,"Protein","Tumor Protein P53","regulates","Protein","Apoptosis Regulator BCL-2",0.95,"p53 transactivates pro-apoptotic BAX while repressing BCL2 transcription."
106,"Protein","Phosphatase and Tensin Homolog","inhibits","Protein","Phosphatidylinositol 4,5-Bisphosphate 3-Kinase Alpha",0.98,"Directly opposes PI3K by dephosphorylating PIP3 to PIP2."
107,"Protein","Epidermal Growth Factor Receptor","activates","Protein","K-Ras GTPase",0.97,"Receptor autophosphorylation recruits GRB2-SOS complexes to load GTP onto KRAS."
108,"Protein","K-Ras GTPase","activates","Protein","Serine/Threonine-Protein Kinase B-Raf",0.96,"Active GTP-KRAS recruits RAF kinases to plasma membrane for dimerization."
109,"Protein","Apolipoprotein E","regulates","Protein","Triggering Receptor Expressed on Myeloid Cells 2",0.94,"APOE acts as an endogenous ligand for microglial TREM2 receptor."
110,"Protein","Tumor Necrosis Factor Alpha","activates","Protein","Interleukin-6",0.93,"TNF-induced NF-kB activation stimulates rapid transcriptional output of IL6."
